РЕЕСТР,,,,,,,,
"О ДЕЙСТВУЮЩИХ ЛИЦЕНЗИЯХ НА РОЗНИЧНУЮ ПРОДАЖУ АЛКОГОЛЬНОЙ ПРОДУКЦИИ В ХАНТЫ-МАНСИЙСКОМ АВТОНОМНОМ ОКРУГЕ-ЮГРЕ, на территории город Урай""  по состоянию на 01.07.2011",,,,,,,,
,,,,,,,,
№,Номер,Наименование Предприятия,Адрес .юридического лица,"Вид деятельности, адрес места нахождения объекта",Номер Серия,Дата,Доп Информация,Состояние
1,3267,"Обществу с ограниченной ответственностью ""Вектор""  ИНН 8606011608","Место нахождения юридического лица:  г. Урай Ханты-Мансийского автономного округа-Югры Тюменской области,, микрорайон Д, д. 63 А, магазин ""Провиантъ"" (адрес места нахождения объекта см. на обороте)",Розничная продажа алкогольной продукции Обратная сторона лицензии:,"413979,  Б",21.07.2006 до 21.07.2011,,
,,,,"Адрес места нахождения объекта:  г. Урай Ханты-Мансийского автономного округа-Югры Тюменской области, микрорайон 1 Д, д. 63 А, магазин ""Провиантъ"".    ",,,,
2,4085,"Обществу с ограниченной ответственностью ""Урайоптторг""  ИНН 8606005837","Место нахождения юридического лица:  г. Урай Ханты-Мансийского автономного округа-Югры Тюменской области,, 3 микрорайон, д. 31, кв. 17 (адреса мест нахождения объектов см. на обороте)",Розничная продажа алкогольной продукции Обратная сторона лицензии:,"000554,  Р №",11.04.2007 до 21.05.2007 Продлена до 21.05.2012 ,,
,,,,"Адреса мест нахождения объектов:  1. г. Урай Ханты-Мансийского автономного округа - Югры Тюменской области, ул. Ленина, 61, магазин ""Премьера"";  2.  г. Урай Ханты-Мансийского автономного округа - Югры Тюменской области, 2 микрорайон, д. 23, магазин ""Союз"";  3. г. Урай Ханты-Мансийского автономного округа - Югры Тюменской области, ул. Ленина, 112, магазин ""Гера"";  4. г. Урай Ханты-Мансийского автономного округа - Югры Тюменской области, промбаза, магазин  ""Конда"";  5. г. Урай Ханты-Мансийского",,,,
3,4109,"Обществу с ограниченной ответственностью ""Грейс""   ИНН8601006241","Место нахождения юридического лица:  г. Урай Ханты-Мансийского автономного округа-Югры Тюменской области,, 2 микрорайон, дом 59 (адрес места нахождения объекта см. на обороте)",Розничная продажа алкогольной продукции Обратная сторона лицензии:,"000577,  Р №",20.04.2007 до 02.08.2011,,
,,,,"Адрес места нахождения объекта:  г. Урай Ханты-Мансийского автономного округа-Югры Тюменской области, микрорайон 2, дом 59,               кафе ""Бриз"".   ",,,,
4,4414,"Обществу с ограниченной ответственностью ""АЛМАЗ""   ИНН 8606011559","Место нахождения юридического лица:  г. Урай Ханты-Мансийского автономного округа-Югры Тюменской области,, микрорайон 2, д. 90, кв. 47 (адреса мест нахождения объектов см. на обороте)",Розничная продажа алкогольной продукции Обратная сторона лицензии:,"000892,  Р №",29.10.2007 до 04.09.2011,,
,,,,"Адреса мест нахождения объектов:  1. г. Урай Ханты-Мансийского автономного округа - Югры Тюменской области, микрорайон 2, д. 53, кв. 2, магазин ""Авей"";  2.  г. Урай Ханты-Мансийского автономного округа - Югры Тюменской области, микрорайон 2, д. 90, кв. 47, магазин ""Арарат"";  3. г. Урай Ханты-Мансийского автономного округа - Югры Тюменской области, ул. 50 лет ВЛКСМ, торгово-остановочный комплекс ""Лилит"" (содержание этилового спирта не более 15 процентов объема готовой продукции);  4. г. Урай",,,,
,,,,"Ханты-Мансийского автономного округа - Югры Тюменской области, микрорайон 1 А, д. 68, отдел ""Продукты"" в магазине ""Маяк"".  ",,,,настоящая лицензия выдана в порядке переоформления лицензии   №  4193  04.06.2007  
5,4458,"Обществу с ограниченной ответственностью ""Сибирь""  ИНН8606011012  ","Место нахождения юридического лица:  г. Урай Ханты-Мансийского автономного округа-Югры Тюменской области,, микрорайон ""Западный"", 19 А (адреса мест нахождения объектов см. на обороте)",Розничная продажа алкогольной продукции Обратная сторона лицензии:,"000938,  Р №",23.11.2007 до 28.12.2008 Продлена до 28.12.2013 ,,
,,,,"Адреса мест нахождения объектов:  1. г. Урай     Ханты - Мансийского    автономного    округа  -  Югры   Тюменской   области,   ул.   Ленина,     дом  98,  отдел в торговом центре ""Перекресток"";  2. г. Урай Ханты-Мансийского автономного округа - Югры Тюменской области, микрорайон 2-А, дом 10, отдел в торговом центре ""Сибирь"";  3. г. Урай Ханты-Мансийского автономного округа - Югры Тюменской области, микрорайон ""Западный"", дом 19-А, отдел в торговом центре ""Западный"";  4. г. Урай Ханты-Мансийского",,,,
,,,,"автономного округа - Югры Тюменской области, микрорайон 2, дом 39/1, отдел в торговом центре ""Апельсин"".    ",,,,настоящая лицензия выдана в порядке переоформления лицензии   №  4169  21.05.2007  
6,4562,"Обществу с ограниченной ответственностью   ""Управление рабочего снабжения ""Сибнефтепровод""  ИНН 7202093106","Место нахождения юридического лица:  г. Тюмень Тюменской области, ул. Республики, д. 204 А (адреса мест нахождения объектов см. на обороте)",Розничная продажа алкогольной продукции Обратная сторона лицензии:,"001041,  Р №",11.01.2008 до 11.06.2012,,настоящая лицензия выдана в порядке переоформления лицензии   №  3045  19.06.2006  
,,,,"Адреса мест нахождения объектов:  1. г. Урай Ханты-Мансийского автономного округа - Югры Тюменской области, 3 микрорайон, д. 26 А, магазин ""Югория"";  2.  г. Урай Ханты-Мансийского автономного округа - Югры Тюменской области, 2 микрорайон, д. 77, магазин ""Родничок"";  3. пгт. Междуреченский Кондинского района Ханты-Мансийского автономного округа - Югры Тюменской области, ул. Маяковского, 17, магазин ""Дока-хлеб"";  4. пгт. Междуреченский Кондинского района Ханты-Мансийского автономного округа -",,,,
,,,,"Югры Тюменской области, ул. Кедровая, 7,  магазин  ""На Кедровой""  5. с. Болчары Кондинского района Ханты-Мансийского автономного округа - Югры Тюменской области,         ул. ЛПДС ""Кедровое"", д. 6,  магазин  № 15.  ",,,,настоящая лицензия выдана в порядке переоформления лицензии   №  4285  20.07.2007  
7,4742,"Закрытому акционерному обществу ""Лина""  ИНН 8606000250","Место нахождения юридического лица:  г. Урай Ханты-Мансийского автономного округа-Югры Тюменской области,, Проезд, 1, Подъезд 5 (адреса мест нахождения объектов см. на обороте)",Розничная продажа алкогольной продукции Обратная сторона лицензии:,"001229,  Р№",28.05.2008 до 27.07.2008 Продлена до 27.07.2013 ,,
,,,,"Адреса мест нахождения объектов:  1. г. Урай Ханты-Мансийского автономного округа - Югры Тюменской области, микрорайон 2, д. 101,     магазин № 2;  2.  г. Урай Ханты-Мансийского автономного округа - Югры Тюменской области, микрорайон Западный, д. 11,   магазин № 3;  3. г. Урай Ханты-Мансийского автономного округа - Югры Тюменской области, микрорайон № 3, д. 12, магазин № 4.  ",,,,
8,4901,"Обществу с ограниченной ответственностью ""Ночной меридиан""  ИНН 8606012016","Место нахождения юридического лица:  г. Урай Ханты-Мансийского автономного округа-Югры Тюменской области,, ул. Ленина, д. 98 (адреса мест нахождения объектов см. на обороте)",Розничная продажа алкогольной продукции Обратная сторона лицензии:,"001391,  Р №",01.09.2008 до 19.07.2012,,
,,,,"Адреса мест нахождения объектов:  1. г. Урай Ханты-Мансийского автономного округа-Югры Тюменской области, ул. Ленина, д. 98,  бар боулинга     в торгово-развлекательном комплексе ""Меридиан"";  2. г. Урай Ханты-Мансийского автономного округа-Югры Тюменской области, ул. Ленина, д. 98, бар танцевального зала в торгово-развлекательном комплексе ""Меридиан"";  3.  г. Урай  Ханты-Мансийского автономного округа-Югры Тюменской области, ул. Ленина, д. 98,  ресторан     в торгово-развлекательном",,,,
,,,,"комплексе ""Меридиан"".  ",,,,настоящая лицензия выдана в порядке переоформления лицензии   №  4497  07.12.2007  
9,4963,"Обществу с ограниченной ответственностью ""УФ Нимфа""  ИНН 8606012584","Место нахождения юридического лица:  г. Урай Ханты-Мансийского автономного округа-Югры Тюменской области,, ул. Электросети, 1 (адрес места нахождения объекта см. на обороте)",Розничная продажа алкогольной продукции Обратная сторона лицензии:,"001455,  Р №",16.10.2008 до 16.10.2013,,настоящая лицензия выдана в порядке переоформления лицензии   №  3932  07.02.2007  
,,,,"Адрес места нахождения объекта:  г. Урай Ханты-Мансийского автономного округа-Югры Тюменской области, ул. Электросети, 1, магазин ""Фруктовый сад"".  ",,,,
10,5098,"Обществу с ограниченной ответственностью ""Сергей и К""  ИНН 8606011076","Место нахождения юридического лица:  г. Урай Ханты-Мансийского автономного округа-Югры Тюменской области,, мкр. Западный, д. 19 (адреса мест нахождения объектов см. на обороте)",Розничная продажа алкогольной продукции Обратная сторона лицензии:,"001602,  Р №",24.12.2008 до 30.12.2008 Продлена до 30.12.2013 ,,настоящая лицензия выдана в порядке переоформления лицензии   №  4272  12.07.2007  
,,,,"Адреса мест нахождения объектов:  1. г. Урай Ханты-Мансийского автономного округа - Югры Тюменской области, мкр. Западный, д. 19, магазин ""Вика"";  2. п. Мулымья Кондинского района Ханты-Мансийского автономного округа - Югры Тюменской области,     ул. Лесная, д. 4 А, магазин ""Александра"".  ",,,,
11,5158,"Обществу с ограниченной ответственностью  Торговому дому ""Прима""  ИНН8606005925  ","Место нахождения юридического лица:  г. Урай Ханты-Мансийского автономного округа-Югры Тюменской области,, микрорайон 1 А, д. 68 (адреса мест нахождения объектов см. на обороте)",Розничная продажа алкогольной продукции Обратная сторона лицензии:,"001670,  Р№",05.02.2009 до 06.12.2013,,настоящая лицензия выдана в порядке переоформления лицензии   №  259  26.12.2005  
,,,,"Адреса мест нахождения объектов:  1. г. Урай Ханты-Мансийского автономного округа-Югры Тюменской области, микрорайон 3, д. 32, кафе ""Портос"";  2. г. Урай Ханты-Мансийского автономного округа-Югры Тюменской области, микрорайон 1 А, д. 68, магазин ""Маяк"";  3. г. Урай Ханты-Мансийского автономного округа-Югры Тюменской области, ул. 50 лет ВЛКСМ, д. 60, магазин ""Метелица"";  4. г. Урай Ханты-Мансийского автономного округа-Югры Тюменской области, микрорайон 2, д. 89 А, магазин ""Минимаркет"";  5. г.",,,,
,,,,"Урай Ханты-Мансийского автономного округа-Югры Тюменской области, микрорайон 3, д. 31, магазин № 21 (отдел продукты);  6. г. Урай Ханты-Мансийского автономного округа-Югры Тюменской области, микрорайон А, д. 73 А, бар КДЦ ""Нефтяник"".  ",,,,настоящая лицензия выдана в порядке переоформления лицензии   №  4512  14.12.2007  
12,5321,"Обществу с ограниченной ответственностью ""Новинка""  ИНН 8606000660  ","Место нахождения юридического лица:  г. Урай Ханты-Мансийского автономного округа-Югры Тюменской области,, ул. Нефтяников, д. 3 (адреса мест нахождения объектов см. на обороте)",Розничная продажа алкогольной продукции Обратная сторона лицензии:,"001832,  Р №",17.06.2009 до 26.02.2012,,
,,,,"Адреса мест нахождения объектов:  1. г. Урай  Ханты - Мансийского  автономного округа - Югры   Тюменской  области,  микрорайон 1 Д, в районе жилого дома  № 39, магазин ""Ира"";  2. г. Урай Ханты-Мансийского автономного округа - Югры Тюменской области, ул. Ленина, д. 81, отдел в ТЦ ""Юбилейный"";  3. г. Урай Ханты-Мансийского автономного округа - Югры Тюменской области, ул. Ленина, д. 86, магазин ""Корона"";  4. г. Урай Ханты-Мансийского автономного округа - Югры Тюменской области, 2 микрорайон,",,,,
,,,,"Торгово-входной комплекс на территорию городского рынка, магазин ""Гермес"".  ",,,,"настоящая лицензия выдана в порядке переоформления лицензии   №  4619  07.03.2008  Приостановлена с   06.07.2009 (срок 15 дней) до устранения нарушений неисполнение предписания Лицензионной палаты ХМАО-Югры Возобновлена с   21.07.2009  Устранение обстоятельств, повлекших приостановление действия лицензии "
13,5324,"Обществу с ограниченной ответственностью ""Турсунт-сервис""  ИНН 8606013316","Место нахождения юридического лица:  г. Урай Ханты-Мансийского автономного округа-Югры Тюменской области,, ул. Шевченко, д. 18 (адреса мест нахождения объектов см. на обороте)",Розничная продажа алкогольной продукции Обратная сторона лицензии:,"001837,  Р №",18.06.2009 до 18.06.2014,,настоящая лицензия выдана в порядке переоформления лицензии   №  3712  21.11.2006  
,,,,"Адреса мест нахождения объектов:  1. г. Урай     Ханты - Мансийского    автономного    округа  -  Югры   Тюменской   области,   ул.   Шевченко,     д. 18,  ресторан в отеле ""Турсунт"";  2. г. Урай Ханты-Мансийского автономного округа - Югры Тюменской области, ул. Шевченко, д. 18, бар в отеле  ""Турсунт"".  ",,,,
14,5467,"Обществу с ограниченной ответственностью ""Комфорт""  ИНН 8606013531","место нахождения юридического лица:  г. Урай Ханты-Мансийского автономного округа-Югры Тюменской области,, ул. Яковлева, д. 16 (адрес места нахождения объекта см. на обороте)",Розничная продажа алкогольной продукции Обратная сторона лицензии:,"001982,  Р №",15.10.2009 до 15.10.2014,,
,,,,"Адрес места нахождения объекта:  г. Урай Ханты-Мансийского автономного округа-Югры Тюменской области, ул. Яковлева, д. 16, отдел вино-водочных изделий в магазине ""Юго-Восточный"".  ",,,,
15,5542,"Обществу с ограниченной ответственностью ""Парус""   ИНН 8606011020      ","Место нахождения юридического лица:  г. Урай Ханты-Мансийского автономного округа-Югры Тюменской области,, микрорайон 1 Г, д. 17 А (адреса мест нахождения объектов см. на обороте)",Розничная продажа алкогольной продукции Обратная сторона лицензии:,"002058,  Р №",17.12.2009 до 28.12.2013,,настоящая лицензия выдана в порядке переоформления лицензии   №  4799  26.06.2008  
,,,,"Адреса мест нахождения объектов:  1. г. Урай Ханты-Мансийского автономного округа-Югры Тюменской области, микрорайон 1 Г, д. 17 А, магазин ""Европа"";  2. г. Урай Ханты-Мансийского автономного округа-Югры Тюменской области, микрорайон Западный, д. 7 А, магазин ""Туман"";  3. г. Урай Ханты-Мансийского автономного округа-Югры Тюменской области, ул. Узбекистанская, д. 7, магазин ""Пальмира"";  4. г. Урай Ханты-Мансийского автономного округа-Югры Тюменской области, микрорайон 2, Торгово-входной комплекс на",,,,
,,,,"территории городского рынка, магазин ""Гермес"".  ",,,,настоящая лицензия выдана в порядке переоформления лицензии   №  5333  24.06.2009  
16,5624,"Обществу с ограниченной ответственностью ""Росс""  ИНН 8606011206","место нахождения юридического лица:  г. Урай Ханты-Мансийского автономного округа-Югры Тюменской области,, проезд 1, подъезд 15 (адреса мест нахождения объектов см. на обороте)",Розничная продажа алкогольной продукции Обратная сторона лицензии:,"002140,  Р №",17.02.2010 до 30.12.2013,,
,,,,"Адреса мест нахождения объектов:  1.  г. Урай Ханты-Мансийского автономного округа - Югры Тюменской области, микрорайон 3, в районе дома 47, магазин ""Росс"";  2. г. Урай Ханты-Мансийского автономного округа - Югры Тюменской области, микрорайон Д, в районе дома 63, магазин ""Росс-2"";  3. д. Ушья Кондинского района Ханты-Мансийского автономного округа - Югры Тюменской области, ул. Лесная, 1/1, магазин;  4. г. Урай Ханты-Мансийского автономного округа - Югры Тюменской области, микрорайон 1 Д, в",,,,
,,,,"районе жилого дома № 39, магазин ""Ира"".  ",,,,настоящая лицензия выдана в порядке переоформления лицензии   №  28  30.12.2005  
17,5635,"Обществу с ограниченной ответственностью ""Триумф""  ИНН 8606013806","Место нахождения юридического лица:  г. Урай Ханты-Мансийского автономного округа-Югры Тюменской области,, микрорайон 2, д. 106 (адрес места нахождения объекта см. на обороте)",Розничная продажа алкогольной продукции Обратная сторона лицензии:,"002150,  Р №",26.02.2010 до 26.02.2013,,
,,,,"Адрес места нахождения объекта:  г. Урай Ханты-Мансийского автономного округа-Югры Тюменской области, микрорайон 2 , д. 106, магазин ""Продукты"" в ТЦ ""Олимп"".  ",,,,
18,5677,"Обществу с ограниченной ответственностью ""Мария""  ИНН 8606008059","место нахождения юридического лица:  г. Урай Ханты-Мансийского автономного округа-Югры Тюменской области,, микрорайон 3, д. 3 А (адреса мест нахождения объектов см. на обороте)",Розничная продажа алкогольной продукции Обратная сторона лицензии:,"002188,  Р №",29.03.2010 до 30.12.2013,,
,,,,"Адреса мест нахождения объектов:  1.  г. Урай Ханты-Мансийского автономного округа - Югры Тюменской области, микрорайон 3, д. 3 А, магазин ""Мария"";  2. г. Урай Ханты-Мансийского автономного округа - Югры Тюменской области, ул. Цветочная, д. 11, магазин № 24.  ",,,,
19,5728,"Обществу с ограниченной ответственностью ""СВЕТЛАНА""  ИНН 8606011541","место нахождения юридического лица:  г. Урай Ханты-Мансийского автономного округа-Югры Тюменской области,, микрорайон 3, дом 29 А (адреса мест нахождения объектов см. на обороте)",Розничная продажа алкогольной продукции Обратная сторона лицензии:,"002231,  Р №",30.04.2010 до 02.08.2011,,
,,,,"Адреса мест нахождения объектов:  1. г. Урай Ханты-Мансийского автономного округа-Югры Тюменской области, микрорайон 3, д. 29 А, магазин ""Эдем-2"";  2. г. Урай Ханты-Мансийского автономного округа-Югры Тюменской области, микрорайон 2, д. 31 А, магазин ""Центральный"";  3. г. Урай Ханты-Мансийского автономного округа-Югры Тюменской области, микрорайон ""Западный"",          д. 12 А, магазин ""Продукты"";  4. г. Урай Ханты-Мансийского автономного округа-Югры Тюменской области, микрорайон 1 Г, д. 65, отдел",,,,
,,,,"""Продукты"" в ТЦ ""Армада"".  ",,,,настоящая лицензия выдана в порядке переоформления лицензии   №  4476  03.12.2007  
20,5859,"Обществу с ограниченной ответственностью ""Сабина""  ИНН 8606012048  ","Место нахождения юридического лица:  г. Урай Ханты-Мансийского автономного округа-Югры Тюменской области,, база ЗАО ""Урайдорстрой"", офис 2 (адреса мест нахождения объектов см. на обороте)",Розничная продажа алкогольной продукции Обратная сторона лицензии:,"002354,  Р №",26.08.2010 до 01.08.2012,,
,,,,"Адреса мест нахождения объектов:  1. г. Урай Ханты-Мансийского автономного округа-Югры Тюменской области, микрорайон 3, д. 5, кв. 1, магазин ""Сабина"";  2. г. Урай Ханты-Мансийского автономного округа-Югры Тюменской области, п. Электросети, база ЗАО ""Урайдорстрой"", д. 1, магазин ""Рус-Айс"".  ",,,,
21,5884,"Обществу с ограниченной ответственностью ""ТоргЛайнСервис""  ИНН 8606011164","место нахождения юридического лица:  г. Урай Ханты-Мансийского автономного округа-Югры Тюменской области,, микрорайон 2 А, д. 9 А (адреса мест нахождения объектов см. на обороте)",Розничная продажа алкогольной продукции Обратная сторона лицензии:,"002385,  Р№",07.10.2010 до 30.12.2013,,
,,,,"Адреса мест нахождения объектов:  1. г. Урай Ханты-Мансийского автономного округа-Югры Тюменской области, микрорайон 2, д. 50-2, отдел            в магазине ""Продукты"";  2. г. Урай Ханты-Мансийского автономного округа-Югры Тюменской области, микрорайон 1, д. 7, кв. 4, магазин ""Абсолют-1"";  3. г. Урай Ханты-Мансийского автономного округа-Югры Тюменской области, микрорайон 1 Д, д. 58 Б, магазин ""Южный"";  4. г. Урай Ханты-Мансийского автономного округа-Югры Тюменской области, микрорайон 2",,,,
,,,,"А, д. 7 А, магазин ""Магнум"".  ",,,,настоящая лицензия выдана в порядке переоформления лицензии   №  5252  15.04.2009  
22,5901,"Обществу с ограниченной ответственностью ""Супер""   ИНН 8606011051","место нахождения юридического лица:  г. Урай Ханты-Мансийского автономного округа-Югры Тюменской области,, проезд 7, подъезд 44 (адреса мест нахождения объектов см. на обороте)",Розничная продажа алкогольной продукции Обратная сторона лицензии:,"002400,  Р №",18.10.2010 до 30.12.2013,,
,,,,"Адреса мест нахождения объектов:  1. г. Урай  Ханты-Мансийского автономного округа - Югры Тюменской области, микрорайон 3, д. 1 А, магазин № 27 ""Супер"";  2. г. Урай Ханты-Мансийского автономного округа - Югры Тюменской области, микрорайон 2, район дома 76, магазин ""Супер"";  3. г. Урай Ханты-Мансийского автономного округа - Югры Тюменской области, ул. Толстого, 6, магазин ""Супер"";  4. г. Урай Ханты-Мансийского автономного округа - Югры Тюменской области, микрорайон 1 Г, д. 51 А, торговый павильон.  ",,,,
23,5910,"Обществу с ограниченной ответственностью ""Авангард Пласт""   ИНН 8606008482","место нахождения юридического лица:  г. Урай Ханты-Мансийского автономного округа-Югры Тюменской области,, проезд 7, подъезд 44/7 (адреса мест нахождения объектов см. на обороте)",Розничная продажа алкогольной продукции Обратная сторона лицензии:,"002409,  Р №",21.10.2010 до 26.07.2015,,настоящая лицензия выдана в порядке переоформления лицензии   №  4537  25.12.2007  
,,,,"1. г. Урай Ханты-Мансийского автономного округа - Югры Тюменской области, микрорайон Западный, д. 13, кв. 168, магазин ""Супер"";  2. г. Урай Ханты-Мансийского автономного округа - Югры Тюменской области, 3 микрорайон, д. 1 А, магазин № 27 ""Супер"";  3. г. Урай Ханты-Мансийского автономного округа - Югры Тюменской области, 3 микрорайон, д. 5, магазин ""Супер"";  4. г. Урай Ханты-Мансийского автономного округа - Югры Тюменской области, 3 микрорайон, д. 53 А, магазин ""Супер"";  5. г. Урай",,,,
,,,,"Ханты-Мансийского автономного округа - Югры Тюменской области, ул. Толстого, 6, магазин ""Супер"";  6. г. Урай Ханты-Мансийского автономного округа - Югры Тюменской области, 3 микрорайон, д. 37, магазин ""Супер"";  7. г. Урай Ханты-Мансийского автономного округа - Югры Тюменской области, проезд 7, подъезд 44/7,           кафе ""Престиж"";  8. г. Урай Ханты-Мансийского автономного округа - Югры Тюменской области, 1 Г микрорайон, д. 51 А, торговый павильон;  9. г. Урай Ханты-Мансийского",,,,настоящая лицензия выдана в порядке переоформления лицензии   №  5832  26.07.2010  
,,,,"автономного округа - Югры Тюменской области, ул. Нефтяников, д. 3, магазин ""Уют"".  ",,,,
24,5911,"Обществу с ограниченной ответственностью ""ЖАСМИН""  ИНН 8606013362","Место нахождения юридического лица:  г. Урай Ханты-Мансийского автономного округа-Югры Тюменской области,, 1-й проезд, подъезд 13 (адрес места нахождения объекта см. на обороте)",Розничная продажа алкогольной продукции Обратная сторона лицензии:,"002411,  Р №",28.10.2010 до 28.10.2011,,
,,,,"Адрес места нахождения объекта:  г. Урай Ханты-Мансийского автономного округа-Югры Тюменской области, 1-й проезд, подъезд 13,                  кафе ""Жасмин"".  ",,,,
25,1,"Обществу с ограниченной ответственностью ""ОМСК-продукт""","Место нахождения юридического лица: г. Урай, Ханты-Мансийского автономного округа-Югры, Тюменской области, микрорайон 1А, дом 6","Розничная продажа алкогольной продукции .                                                                   1. г. Урай, Ханты-Мансийского автономного округа-Югры, Тюменской области, Проезд 1, Подъезд 31, магазин ""Грацио"";
2. г. Урай, Ханты-Мансийского автономного округа-Югры, Тюменской области, микрорайон 1А, дом 6, магазин ""Омич"".","002843, Р№",24.02.2011 до 24.02.2014,,
26,10,"Обществу с ограниченной ответственностью ""КАРАТ-плюс""","Место нахождения юридического лица: г. Урай, Ханты-Мансийского автономного округа-Югры, Тюменской области, улица Нефтяников, д. 2","Розничная продажа алкогольной продукции .                                                                                                                                                   1. г. Урай Ханты-Мансийского автономного округа-Югры Тюменской области, микрорайон 2, д. 106, магазин ""Продукты"" в ТРЦ ""Олимп"";
2. г. Урай Ханты-Мансийского автономного округа-Югры Тюменской области, микрорайон 2, д. 106, кафе ""Карабас"" в ТРЦ ""Олимп"";
3. г. Урай Ханты-Мансийского автономного округа-Югры Тюменской области, микрорайон 2, д. 106, бар в бильярдном клубе ""Русская пирамида"" в ТРЦ ""Олимп"";
4. г. Урай Ханты-Мансийского автономногоокруга-Югры Тюменской области, ул. Узбекистанская, д. 7, магазин ""Пальмира"";
5. г. Урай Ханты-Мансийского автономного округа-Югры Тюменской области, ул. Нефтяников, д. 2, магазин  ""Мясо-рыба"";
6. г. Урай Ханты-Мансийского автономного округа-Югры Тюменской области, ул. Нефтяников, д. 2, магазин № 20 ""Овощи"";
7. г. Урай Ханты-Мансийского автономного округа-Югры Тюменской области, микрорайон ""1 Г"", д. 65, магазин ""Продукты"" в ТЦ ""Армада"";
8. г. Урай Ханты-Мансийского автономного округа-Югры Тюменской области, Промбаза проезд 1, подъезд 13, магазин ""Агроника"";
9. г. Урай, Ханты-Мансийского автономного округа-Югры, Тюменской области, Промзона, территория базы ОРСа, складское помещение №23, отдел в складском помещении №23.","002845, Р№",05.03.2011 до 06.06.2014,,настоящая лицензия выдана в порядке переоформления лицензии   №  4662  07.04.2008
27,11,"Обществу с ограниченной ответственностью ""Элемент-Трейд""","г.Екатеринбург, улица Щербакова, дом 4","1. г. Урай, Ханты-Мансийского автономного округа - Югры, Тюменской области, микрорайон Западный, дом 24, Универсам ""Монетка""","002852, Р№",10.06.2011 до 10.06.2016,,
28,12,"Обществу с ограниченной ответственностью ""Абсолют""","Место нахождения юридического лица: г.Урай, Ханты-Мансийского автономного округа - Югры, Тюменской области, микрорайон Г, дом 60","1. г. Урай, Ханты-Мансийского автономного округа-Югры, Тюменской области, микрорайон 3, дом 53, магазин ""Евра"";
2. г. Урай, Ханты-Мансийского автономного округа-Югры, Тюменской области, микрорайон Г, дом 60, магазин ""Северянка"";
3. г. Урай, Ханты-Мансийского автономного округа-Югры, Тюменской области, микрорайон Д, дом 49 А, магазин ""У Ольги"";
4. г. Урай, Ханты-Мансийского автономного округа-Югры, Тюменской области, микрорайон 2, дом 88, магазин ""Лакомка"";
5. г. Урай, Ханты-Мансийского автономного округа-Югры, Тюменской области, микрорайон 2, дом 44 А, вино-водочный отдел в торговом центре ""Астерия"".
6. г. Урай, Ханты-Мансийского автономного округа-Югры, Тюменской области, микрорайон Г, дом 28, вино-водочный отдел в торговом комплексе ""Весна"".","002853, Р№",30.06.11 до 30.12.2013,,настоящая лицензия выдана в порядке переоформления лицензии рег. № 4 508 от 13.12.2007
29,2,"Обществу с ограниченной ответственностью ""ЛЕЙЛА""","Место нахождения юридического лица: г. Урай, Ханты-Мансийского автономного округа-Югры, Тюменской области, микрорайон 3, дом 20, квартира 14","1. г. Урай, Ханты-Мансийского автономного округа-Югры, Тюменской области, улица Урусова, в районе жилых домов 7-8.","002841, Р№",24.02.11 до 24.02.2012,,
30,4,"Обществу с ограниченной ответственностью ""ДИНЕС""","Место нахождения юридического лица: г. Урай, Ханты-Мансийского автономного округа-Югры, Тюменской области, микрорайон 3, дом 17","1. г. Урай Ханты-Мансийского автономного округа-Югры Тюменской области, микрорайон 3, д. 17, магазин ""Альфа"";
2. г. Урай Ханты-Мансийского автономного округа-Югры Тюменской области, микрорайон 1Г, д. 18Г (цокольный этаж), магазин ""Альфа 2"".",002845. Р№,05.03.2011 до 07.04.13,,настоящая лицензия выдана в порядке переоформления лицензии   №  4662  07.04.2008
31,5,"Обществу с ограниченной ответственностью ""Лилвалда-Югра""","Место нахождения юридического лица: г. Урай, Ханты-Мансийского автономного округа - Югры, Тюменской области, База ОРСА, склад №36 Б","1. г. Урай, Ханты-Мансийского автономного округа - Югры, Тюменской области, микрорайон 2, дом 53, квартира 2, магазин ""Авей"";
2. г. Урай, Ханты-Мансийского автономного округа - Югры, Тюменской области, ул.50-лет ВЛКСМ, остановочный комплекс ""Лилит"" (НЕ  ДОПУСКАЕТСЯ РОЗНИЧНА ПРОДАЖА АЛКОГОЛЬНОЙ ПРОДУКЦИИ С СОДЕРЖАНИЕМ ЭТИЛОВОГО СПИРТА БОЛЕЕ 15 ПРОЦЕНТОВ ОБЪЕМА ГОТОВОЙ ПРОДУКЦИИ);
3. г. Урай, Ханты-Мансийского автономного округа - Югры, Тюменской области, ул. Механиков, в районе жилого дома №6, торговый павильон ""Удачный"" (НЕ  ДОПУСКАЕТСЯ РОЗНИЧНА ПРОДАЖА АЛКОГОЛЬНОЙ ПРОДУКЦИИ С СОДЕРЖАНИЕМ ЭТИЛОВОГО СПИРТА БОЛЕЕ 15 ПРОЦЕНТОВ ОБЪЕМА ГОТОВОЙ ПРОДУКЦИИ);
4. г. Урай, Ханты-Мансийского автономного округа - Югры, Тюменской области, микрорайон 2, дом 90, квартира 47, магазин ""Арарат"".","002847, Р№",21.03.2011 до 21.03.12,,
32,6,"Обществу с ограниченной ответственностью Торговой Компании ""ПИГМАР""","Место нахождения юридического лица: г. Урай, Ханты-Мансийского автономного округа-Югры, Тюменской области, микрорайон 2, дом 28","1. г. Урай, Ханты-Мансийского автономного округа-Югры, Тюменской области, микрорайон 2, дом 28, магазин ""Сибиряк"";
2. г. Урай, Ханты-Мансийского автономного округа-Югры, Тюменской области, микрорайон Д, дом 48, магазин ""Продукты"";
3. г. Урай, Ханты-Мансийского автономного округа-Югры, Тюменской области, микрорайон 1Г, дом 38, магазин ""Пикник"";
4. г. Урай, Ханты-Мансийского автономного округа-Югры, Тюменской области, микрорайон 2, дом 38, магазин ""Винный погребок"";
5. г. Урай, Ханты-Мансийского автономного округа-Югры, Тюменской области, микрорайон Солнечный, ул. Радужная, дом 12, торговый павильон ""Солничный"".","002848, Р№",29.03.11 до 29.03.13,,настоящая лицензия выдана в порядке переоформления лицензии   №  5457  05.10.2009
33,7,"Обществу с ограниченной ответственностью ""Русская пирамида""","Место нахождения юридического лица: г. Урай, Ханты-Мансийского автономного округа-Югры, Тюменской области, микрорайон 2, дом 106","1. г. Урай, Ханты-Мансийского автономного округа-Югры, Тюменской области, микрорайон 2, дом 106, бар ""Русская пирамида"" в ТРЦ ""Олимп"".",002849. Р№,06.04.11 до 06.04.12,,
34,8,"Обществу с ограниченной ответственностью ""Элемент-Трейд-Тюмень""","г. Тюмень, улица Кремлевская, 39","1. г. Сургут, Ханты-Мансийского автономного округа-Югры, Тюменской области, улица Быстринская дом. 9, Универсам «Монетка-Супер»;
2. г.  Ханты-Мансийск, Ханты-Мансийского автономного округа-Югры, Тюменской области, улица Энгельса, 44, Универсам «Монетка-Супер»;
3. г. Нефтеюганск, Ханты-Мансийского автономного округа-Югры, Тюменской области, 7 микрорайон, д. 54, Универсам «Монетка»;
4. г. Пыть-Ях, Ханты-Мансийского автономного округа-Югры, Тюменской области, 5 микрорайон, д.13, Универсам «Монетка»;
5. г. Сургут, Ханты-Мансийского автономного округа-Югры, Тюменской области, проспект Ленина, 74, Универсам «Монетка»;
6. г. Сургут, Ханты-Мансийского автономного округа-Югры, Тюменской области, улица Магистральная, 26, Универсам «Монетка»;
7. г. Лянтор, Сургутского района, Ханты-Мансийского автономного округа-Югры, Тюменской области, 4 микрорайон, д.27, Универсам «Монетка»;
8. пгт. Федоровский Сургутского района, Ханты-Мансийского автономного округа-Югры, Тюменской области, ул. Ленина, 13, Универсам «Монетка»;
9. г. Лангепас, Ханты-Мансийского автономного округа-Югры, Тюменской области, ул. Ленина, 36, Универсам «Монетка-Супер»;
10. г. Нижневартовск, Ханты-Мансийского автономного округа-Югры, Тюменской области, ул. Чапаева 85-В Универсам№ 396 «Монетка»;
11. г. Покачи, Ханты-Мансийского автономного округа-Югры, Тюменской области, ул. Таёжная, 23/1, Универсам «Монетка»;12. г. Сургут, Ханты-Мансийского автономного округа-Югры, Тюменской области, улица Университетская, 25/1, Универсам «Монетка»;
13. г. Сургут, Ханты-Мансийского автономного округа-Югры, Тюменской области, улица Югорская, 24, Универсам «Монетка»;
14. г. Нефтеюганск, Ханты-Мансийского автономного округа-Югры, Тюменской области, 1 микрорайон, д.12-А, Универсам «Монетка»;
15. г. Радужный, Ханты-Мансийского автономного округа-Югры, Тюменской области, 7 микрорайон, д.24, Универсам «Монетка»;
16. г. Сургут, Ханты-Мансийского автономного округа-Югры, Тюменской области, улица Геологическая, 9, Универсам «Монетка»;
17. г. Нижневартовск, Ханты-Мансийского автономного округа-Югры, Тюменской области, Западный промышленный узел, панель 4, ул. Индустриальная, 85, строение 17, Универсам№ 476, Универсам «Монетка-Супер»;
18. г. Советский, Ханты-Мансийского автономного округа-Югры, Тюменской области, улица Киевская, 31, Универсам «Монетка»;
19. г. Югорск, Ханты-Мансийского автономного округа-Югры, Тюменской области, улица Железнодорожная, 14/3, Универсам «Монетка»;
20. г. Нягань, Ханты-Мансийского автономного округа-Югры, Тюменской области, 1 микрорайон, д.29 Д/3, Универсам «Монетка»;
21. г. Урай, Ханты-Мансийского автономного округа-Югры, Тюменской области,  микрорайон 2, дом106, Универсам «Монетка».",002850,08.04.11 до 01.06.2012,,настоящая лицензия выдана в порядке переоформления лицензии   №  6000  23.12.2010
35,9,"Обществу с ограниченной ответственностью ""Вика""","Место нахождения юридического лица: г. Урай, Ханты-Мансийский автономный округ-Югры, Тюменской области, микрорайон 1""Д"", дом 90, помещение магазина ""Барон""","г. Урай, Ханты-Мансийского автономного округа-Югры, Тюменской области, микрорайон 1 ""Д"", дом 90, отдел ""Продукты"" в магазине ""Барон"".","002851, Р№",17.05.11 до 17.05.12,,"настоящая лицензия выдана в порядке переоформления  
 № 2962 17.05.2006"
,Ведущий специалист отдела содействия малому и среднему предпринимательству Степанова Н.А. 8(34676)22349,,,,,,,
